group,name,where,tier,rank,icons,str,def,mag,agl,phys,fire,ice,thunder,light,dark,attacks,reach,caster,ailment,ailment_chance,support,talks,personality,wants,sprite,notes
monster,Bat,Floors 1-4,1,0,1,2,1,0,5,weak,,,weak,,,,one,,,5,,yes,cowardly,any,Bat,
monster,Slime,Floors 1-4,1,0,1,2,2,3,1,,weak,,,resist,,ice,one,,poison,5,,yes,cowardly,any,Slime,
monster,Skeleton,Floors 1-4,1,0,1,3,2,0,3,,weak,,,weak,null,,one,,,5,,yes,cowardly,potion,Skeleton,
monster,Hellbat,Floors 1-4,1,0,1,3,2,3,6,weak,,,weak,,,fire,one,,,5,mire,yes,cowardly,any,Hellbat,
monster,Lava Slime,Floors 1-4,1,0,1,3,3,3,1,,,weak,,resist,,fire,one,,poison,5,,yes,cowardly,any,Lava_Slime,
monster,Blood Spawn,Floors 1-4,1,0,1,4,3,3,4,,weak,,,,,thunder,one,,poison,5,,yes,cowardly,potion,Blood_Monster_A,
monster,Orc,Floors 1-4,1,0,1,4,2,3,4,weak,,weak,,,,fire,one,,,5,,yes,greedy,throwable,Orc,
monster,Skeleton Archer,Floors 1-4,1,0,1,2,3,3,3,,weak,,,weak,null,ice,one,,blind,5,,yes,proud,any,Skeleton_Archer,
monster,Demon,Floors 1-4,1,1,1,5,3,4,5,,,weak,,,,fire,few,,,5,whet,yes,greedy,throwable,Demon_A,
monster,Imp,Floors 1-4,1,1,1,3,3,4,5,,,,weak,,,thunder,few,,blind,5,ward,yes,greedy,any,Demon_B,
monster,Baby Brass Dragon,Floors 1-4,1,0,1,4,3,4,4,,,weak,,,,fire,one,,,5,whet,yes,proud,any,Baby_Brass_Dragon,
monster,Baby Copper Dragon,Floors 1-4,1,0,1,3,3,4,6,,weak,,,,,thunder,one,,,5,quicken,yes,greedy,throwable,Baby_Copper_Dragon,
monster,Baby Green Dragon,Floors 1-4,1,0,1,3,3,4,4,,weak,,,weak,resist,dark,one,,poison,5,mire,yes,lonely,potion,Baby_Green_Dragon,
monster,Baby White Dragon,Floors 1-4,1,0,1,3,3,4,5,,weak,,,,,ice,one,,blind,5,damp,yes,cowardly,any,Baby_White_Dragon,
monster,Baby Iron Dragon,Floors 1-4,1,0,1,5,4,0,2,,,,weak,,,,one,,,5,ward,yes,proud,throwable,Baby_Iron_Dragon,
monster,Armored Skeleton,Floors 6-9,2,0,1,5,4,4,2,resist,weak,null,,weak,null,ice,one,,blind,12,ward,yes,proud,throwable,Armored_Skeleton,
monster,Greatsword Skeleton,Floors 6-9,2,0,1,6,3,4,2,resist,weak,null,,weak,null,ice dark,few,,blind,12,,yes,proud,throwable,Greatsword_Skeleton,
monster,Armored Orc,Floors 6-9,2,0,1,5,4,4,4,resist,,,weak,,,fire,one,,,12,mire,yes,greedy,any,Armored_Orc,
monster,Orc Rider,Floors 6-9,2,0,1,6,3,0,5,resist,,weak,,,,fire,one,,,12,,yes,greedy,potion,Orc_rider,
monster,Hellhound,Floors 6-9,2,0,1,5,2,4,6,weak,,weak,,,,fire,one,,poison,12,,yes,proud,any,Hellhound,
monster,Blood Fiend,Floors 6-9,2,0,1,5,3,5,5,,,,weak,,null,dark thunder,few,,poison,12,,yes,proud,any,Blood_Monster_B,
monster,Fell Demon,Floors 6-9,2,0,1,5,3,5,5,,,weak,,,,thunder,few,,poison,12,quicken,yes,proud,any,Demon_C,
monster,Horned Demon,Floors 6-9,2,0,1,6,4,5,4,,,,weak,,,fire,one,,,12,blunt,yes,greedy,any,Demon_D,
monster,Ghostfire,Floors 6-9,2,0,1,3,2,6,6,weak,,weak,,,resist,fire dark,all,yes,silence,12,damp,yes,lonely,potion,Ghostfire,
monster,Eyeball,Floors 6-9,2,0,1,3,3,6,3,,,,weak,resist,null,ice light,few,,blind,12,sunder,yes,lonely,potion,Eyeball_Monster,
monster,Young Red Dragon,Floors 6-9,2,0,1,6,4,5,4,,null,weak,,,,fire,few,,,12,stoke,yes,proud,any,Young_Red_Dragon,
monster,Young Brass Dragon,Floors 6-9,2,0,1,5,4,6,4,,,weak,,resist,,fire light,few,,blind,12,whet,yes,greedy,throwable,Young_Brass_Dragon,
monster,Young Copper Dragon,Floors 6-9,2,0,1,5,3,5,7,,weak,,null,,,thunder,few,,,12,quicken,yes,greedy,any,Young_Copper_Dragon,
monster,Young Silver Dragon,Floors 6-9,2,0,1,5,5,5,3,,weak,null,,resist,,ice,few,,,12,ward,yes,proud,potion,Young_Silver_Dragon,
monster,Elite Orc,Floors 11-14,3,0,1,7,5,5,3,reflect,,weak,,,,fire,one,,,18,whet,yes,proud,throwable,Elite_Orc,
monster,Werewolf,Floors 11-14,3,0,1,7,3,5,7,weak,weak,,,,,thunder,one,,poison,18,quicken,yes,proud,throwable,Werewolf,
monster,Werebear,Floors 11-14,3,0,1,6,6,5,2,resist,,,weak,,,ice,one,,blind,18,ward,yes,lonely,potion,Werebear,
monster,Arch Demon,Floors 11-14,3,0,2,7,5,6,4,,null,weak,,weak,resist,fire dark,few,,silence,18,stoke,yes,proud,potion,Demon_E,
monster,Demoness,Floors 11-14,3,0,2,8,4,6,5,,,weak,,resist,,fire thunder light,few,,,18,whet,yes,proud,throwable,Demoness_A,
monster,Flame Golem,Floors 11-14,3,0,1,4,6,7,1,resist,drain,weak,,,,fire,all,yes,poison,18,ward,yes,lonely,potion,Flame_Golem,
monster,Juvenile Bronze Dragon,Floors 11-14,3,0,1,7,5,6,4,resist,,weak,drain,,,thunder,few,,paralyzed,18,whet,yes,proud,throwable,Juvenile_Bronze_Dragon,
monster,Juvenile Black Dragon,Floors 11-14,3,0,1,7,4,6,5,,,,weak,weak,null,dark,few,,poison,18,sunder,yes,proud,any,Juvenile_Black_Dragon,
monster,Juvenile Mercury Dragon,Floors 11-14,3,0,1,4,4,7,8,,,reflect,weak,resist,,ice light,all,yes,silence,18,quicken,yes,lonely,potion,Juvenile_Mercury_Dragon,
monster,Juvenile Multihued Dragon,Floors 11-14,3,0,2,6,4,7,5,weak,null,null,null,,weak,fire ice thunder,few,,,18,stoke,yes,proud,potion,Juvenile_Multihued_Dragon,
monster,Dark Demoness,Floors 16-19,4,0,2,8,5,7,5,,null,,weak,,resist,fire dark,one,,silence,22,stoke,yes,proud,any,Demoness_B,
monster,Warlock,Floors 16-19,4,0,1,3,3,9,4,weak,reflect,weak,null,resist,resist,fire ice thunder light,all,yes,silence,22,purge,yes,proud,potion,Warlock,
monster,Mature Bronze Dragon,Floors 16-19,4,0,2,8,6,7,4,resist,,weak,drain,,,thunder,all,,paralyzed,22,whet,yes,proud,throwable,Mature_Bronze_Dragon,
monster,Mature Black Dragon,Floors 16-19,4,0,2,8,5,7,5,,,,weak,weak,drain,dark,few,,poison,22,sunder,yes,proud,any,Mature_Black_Dragon,
monster,Mature Blue Dragon,Floors 16-19,4,0,2,6,5,8,5,,weak,drain,,resist,,ice,all,yes,silence,22,ward,yes,lonely,potion,Mature_Blue_Dragon,
monster,Mature Iron Dragon,Floors 16-19,4,0,2,9,8,5,2,reflect,null,,weak,,,fire,one,,blind,22,blunt,yes,proud,throwable,Mature_Iron_Dragon,
warden,Black Knight,Floor 4,1,,3,6,7,6,2,resist,reflect,null,weak,resist,resist,thunder light,few,,blind,8,,no,,,Black_Knight_A,
warden,Dark Knight,Floor 9,2,,3,7,6,6,3,resist,weak,null,,resist,resist,ice dark,all,,silence,10,mire,no,,,Black_Knight_B,
warden,Death Knight,Floor 14,3,,3,4,7,11,4,reflect,reflect,weak,null,resist,resist,fire dark ice,all,yes,silence,20,purge,no,,,Black_Knight_C,
warden,Minotaur,Floor 19,4,,3,10,9,7,5,resist,null,drain,weak,resist,resist,ice dark,few,,blind,20,ward,no,,,Minotaur,
dragon,Ice Dragon,Floor 5,1,,4,12,9,10,4,,weak,drain,null,resist,resist,ice,few,,blind,25,ward,no,,,Ice_Dragon,"The first dragon and the only one the player is armed for on arrival: the run opens holding Ember and this thing drinks its own element and burns on the other. One element and a narrow reach, so the fight teaches what a dragon is before the next one starts asking questions about it."
dragon,Thunder Dragon,Floor 10,2,,4,13,9,13,10,,null,weak,drain,resist,resist,thunder,all,,paralyzed,25,steady,no,,,Thunder_Dragon,"Fast — the only boss that outruns a party — and it hits the whole room every turn it can pay for. Paralysis on a room-wide cast is the threat: it is trying to take your turns, not your HP. Ice is the answer and the ice corridor is where you got it."
dragon,Fire Dragon,Floor 15,3,,4,16,11,13,6,resist,drain,null,weak,resist,resist,fire,all,,poison,25,ward,no,,,Fire_Dragon,"The hardest hitter and the one that punishes the opening loadout: Ember has carried the player fifteen floors and here it feeds the thing. Scales turn a blade as well, so the party that has leaned on swinging has to have found a second line by now."
dragon,Void Dragon,Floor 20,4,,4,15,12,15,7,resist,weak,null,null,resist,resist,dark ice thunder,all,,silence,25,purge,no,,,Void_Dragon,"The last fight. It answers to exactly one element out of six and shrugs at a blade, casts three lines room-wide, resists the banishing lines and purges anything put on it. Silence is the real danger — it can close the one door it is vulnerable through, which is why the corridor has an orb at the mouth and the player should arrive with more than one way to say fire."
